Name,MDSx,MDSy
Total,0.058715196,-0.126699195
HP,0.511961466,0.071895577
Attack,-0.158913654,-0.336756485
Defense,0.16523662,-0.52685121
SpAtk,0.070995128,0.069251357
SpDef,0.315810145,-0.199659813
Speed,-0.422549539,0.219895092
Legendary,-0.091478118,0.308707596
Male,0.109757558,0.664722438
Female,-0.559534802,-0.144505358
